-- phpMyAdmin SQL Dump
-- version 5.2.1
-- https://www.phpmyadmin.net/
--
-- Servidor: 127.0.0.1
-- Tiempo de generación: 24-03-2026 a las 05:11:05
-- Versión del servidor: 10.4.32-MariaDB
-- Versión de PHP: 8.2.12

SET SQL_MODE = "NO_AUTO_VALUE_ON_ZERO";
START TRANSACTION;
SET time_zone = "+00:00";


/*!40101 SET @OLD_CHARACTER_SET_CLIENT=@@CHARACTER_SET_CLIENT */;
/*!40101 SET @OLD_CHARACTER_SET_RESULTS=@@CHARACTER_SET_RESULTS */;
/*!40101 SET @OLD_COLLATION_CONNECTION=@@COLLATION_CONNECTION */;
/*!40101 SET NAMES utf8mb4 */;

--
-- Base de datos: `inventario`
--

-- --------------------------------------------------------

--
-- Estructura de tabla para la tabla `almacenes`
--

CREATE TABLE `almacenes` (
  `id` int(11) NOT NULL,
  `nombre` varchar(10) NOT NULL,
  `capacidad_total` int(11) DEFAULT NULL
) ENGINE=InnoDB DEFAULT CHARSET=utf8mb4 COLLATE=utf8mb4_general_ci;

--
-- Volcado de datos para la tabla `almacenes`
--

INSERT INTO `almacenes` (`id`, `nombre`, `capacidad_total`) VALUES
(1, 'A', 100),
(2, 'B', 100),
(3, 'TIENDA', 100);

-- --------------------------------------------------------

--
-- Estructura de tabla para la tabla `estados`
--

CREATE TABLE `estados` (
  `id` int(11) NOT NULL,
  `nombre` varchar(50) NOT NULL
) ENGINE=InnoDB DEFAULT CHARSET=utf8mb4 COLLATE=utf8mb4_general_ci;

--
-- Volcado de datos para la tabla `estados`
--

INSERT INTO `estados` (`id`, `nombre`) VALUES
(1, 'ORIGINAL'),
(2, 'CHINO');

-- --------------------------------------------------------

--
-- Estructura de tabla para la tabla `marcas`
--

CREATE TABLE `marcas` (
  `id` int(11) NOT NULL,
  `nombre` varchar(50) NOT NULL,
  `codigo` varchar(10) NOT NULL
) ENGINE=InnoDB DEFAULT CHARSET=utf8mb4 COLLATE=utf8mb4_general_ci;

--
-- Volcado de datos para la tabla `marcas`
--

INSERT INTO `marcas` (`id`, `nombre`, `codigo`) VALUES
(1, 'ABARTH', 'ABT'),
(2, 'ALFA ROMEO', 'ALF'),
(3, 'ASTON MARTIN', 'AST'),
(4, 'AUDI', 'AUD'),
(5, 'BAIC', 'BAIC'),
(6, 'BENTLEY', 'BNT'),
(7, 'BMW', 'BMW'),
(8, 'BYD', 'BYD'),
(9, 'CADILLAC', 'CDL'),
(10, 'CHERY', 'CHY'),
(11, 'CHEVROLET', 'CHV'),
(12, 'CITROEN', 'CTR'),
(13, 'DACIA', 'DAC'),
(14, 'DFSK', 'DFK'),
(15, 'DS', 'DS'),
(16, 'FERRARI', 'FER'),
(17, 'FIAT', 'FIA'),
(18, 'FORD', 'FRD'),
(19, 'GEELY', 'GEE'),
(20, 'GREAT WALL', 'GWM'),
(21, 'HONDA', 'HND'),
(22, 'HYUNDAI', 'HYU'),
(23, 'INFINITI', 'INF'),
(24, 'ISUZU', 'ISZ'),
(25, 'JAC', 'JAC'),
(26, 'JAGUAR', 'JGR'),
(27, 'JEEP', 'JEP'),
(28, 'KIA', 'KIA'),
(29, 'LADA', 'LDA'),
(30, 'LAMBORGHINI', 'LMB'),
(31, 'LANCIA', 'LNC'),
(32, 'LAND ROVER', 'LRV'),
(33, 'LEXUS', 'LXS'),
(34, 'MAHINDRA', 'MAH'),
(35, 'MASERATI', 'MSR'),
(36, 'MAZDA', 'MZD'),
(37, 'MERCEDES-BENZ', 'MBZ'),
(38, 'MG', 'MG'),
(39, 'MINI', 'MIN'),
(40, 'MITSUBISHI', 'MTS'),
(41, 'MORGAN', 'MRG'),
(42, 'NISSAN', 'NSN'),
(43, 'OPEL', 'OPL'),
(44, 'PEUGEOT', 'PGT'),
(45, 'PORSCHE', 'PRC'),
(46, 'RAM', 'RAM'),
(47, 'RENAULT', 'RNL'),
(48, 'ROLLS-ROYCE', 'RR'),
(49, 'SEAT', 'SET'),
(50, 'SKODA', 'SKD'),
(51, 'SMART', 'SMT'),
(52, 'SSANGYONG', 'SSY'),
(53, 'SUBARU', 'SBR'),
(54, 'SUZUKI', 'SZK'),
(55, 'TATA', 'TTA'),
(56, 'TESLA', 'TSL'),
(57, 'TOYOTA', 'TYT'),
(58, 'VOLKSWAGEN', 'VW'),
(59, 'VOLVO', 'VOL'),
(60, 'JETOUR', 'JET');

-- --------------------------------------------------------

--
-- Estructura de tabla para la tabla `modelos`
--

CREATE TABLE `modelos` (
  `id` int(11) NOT NULL,
  `id_marca` int(11) DEFAULT NULL,
  `nombre` varchar(50) NOT NULL,
  `codigo` varchar(10) NOT NULL
) ENGINE=InnoDB DEFAULT CHARSET=utf8mb4 COLLATE=utf8mb4_general_ci;

--
-- Volcado de datos para la tabla `modelos`
--

INSERT INTO `modelos` (`id`, `id_marca`, `nombre`, `codigo`) VALUES
(1, 1, '500', '500'),
(2, 1, '595', '595'),
(3, 1, '595 TURISMO', '595T'),
(4, 1, '595 COMPETIZIONE', '595C'),
(5, 1, '695', '695'),
(6, 1, '695 TURISMO', '695T'),
(7, 1, '695 COMPETIZIONE', '695C'),
(8, 1, '695 ESSEESSE', '695E'),
(9, 1, '124 SPIDER', '124S'),
(10, 1, 'PULSE', 'PLS'),
(11, 1, 'FASTBACK', 'FTB'),
(12, 1, '500E', '500E'),
(13, 2, 'GIULIA', 'GIA'),
(14, 2, 'STELVIO', 'STV'),
(15, 2, 'TONALE', 'TNL'),
(16, 2, 'MITO', 'MIT'),
(17, 2, 'GIULIETTA', 'GLT'),
(18, 2, '4C', '4C'),
(19, 2, '4C SPIDER', '4CS'),
(20, 2, '8C COMPETIZIONE', '8CC'),
(21, 2, '8C SPIDER', '8CS'),
(22, 2, '159', '159'),
(23, 2, '159 SPORTWAGON', '159S'),
(24, 2, '156', '156'),
(25, 2, '147', '147'),
(26, 2, '166', '166'),
(27, 2, 'GTV', 'GTV'),
(28, 2, 'SPIDER', 'SPD'),
(29, 2, 'BRERA', 'BRR'),
(30, 2, 'SZ', 'SZ'),
(31, 2, 'RZ', 'RZ'),
(32, 2, 'ALFASUD', 'ASD'),
(33, 2, '33', '033'),
(34, 2, '75', '075'),
(35, 2, '164', '164'),
(36, 3, 'DB11', 'DB11'),
(37, 3, 'DB12', 'DB12'),
(38, 3, 'DBS', 'DBS'),
(39, 3, 'DBS SUPERLEGGERA', 'DBSS'),
(40, 3, 'DBX', 'DBX'),
(41, 3, 'VANTAGE', 'VNT'),
(42, 3, 'VANTAGE V12', 'V12V'),
(43, 3, 'DB9', 'DB9'),
(44, 3, 'DB7', 'DB7'),
(45, 3, 'DB5', 'DB5'),
(46, 3, 'DB4', 'DB4'),
(47, 3, 'VIRAGE', 'VRG'),
(48, 3, 'RAPIDE', 'RPD'),
(49, 3, 'ONE-77', '177'),
(50, 3, 'VALKYRIE', 'VLK'),
(51, 3, 'VALHALLA', 'VLH'),
(52, 3, 'LAGONDA TARAF', 'LGT'),
(53, 3, 'CYGNET', 'CYG'),
(54, 4, 'A1', 'A1'),
(55, 4, 'A3', 'A3'),
(56, 4, 'A4', 'A4'),
(57, 4, 'A5', 'A5'),
(58, 4, 'A6', 'A6'),
(59, 4, 'A7', 'A7'),
(60, 4, 'A8', 'A8'),
(61, 4, 'Q2', 'Q2'),
(62, 4, 'Q3', 'Q3'),
(63, 4, 'Q5', 'Q5'),
(64, 4, 'Q7', 'Q7'),
(65, 4, 'Q8', 'Q8'),
(66, 4, 'TT', 'TT'),
(67, 4, 'R8', 'R8'),
(68, 4, 'E-TRON', 'ETR'),
(69, 4, 'E-TRON GT', 'ETG'),
(70, 4, 'Q4 E-TRON', 'Q4E'),
(71, 4, 'Q8 E-TRON', 'Q8E'),
(72, 4, 'RS3', 'RS3'),
(73, 4, 'RS4', 'RS4'),
(74, 4, 'RS5', 'RS5'),
(75, 4, 'RS6', 'RS6'),
(76, 4, 'RS7', 'RS7'),
(77, 4, 'RS Q3', 'RSQ'),
(78, 4, 'RS Q8', 'R8Q'),
(79, 4, 'S3', 'S3'),
(80, 4, 'S4', 'S4'),
(81, 4, 'S5', 'S5'),
(82, 4, 'S6', 'S6'),
(83, 4, 'S7', 'S7'),
(84, 4, 'S8', 'S8'),
(85, 4, 'SQ5', 'SQ5'),
(86, 4, 'SQ7', 'SQ7'),
(87, 4, 'SQ8', 'SQ8'),
(88, 5, 'BJ20', 'BJ20'),
(89, 5, 'BJ30', 'BJ30'),
(90, 5, 'BJ40', 'BJ40'),
(91, 5, 'BJ60', 'BJ60'),
(92, 5, 'BJ80', 'BJ80'),
(93, 5, 'X25', 'X25'),
(94, 5, 'X35', 'X35'),
(95, 5, 'X55', 'X55'),
(96, 5, 'X7', 'X7'),
(97, 5, 'D20', 'D20'),
(98, 5, 'D50', 'D50'),
(99, 5, 'U5', 'U5'),
(100, 5, 'U7', 'U7'),
(101, 5, 'EU5', 'EU5'),
(102, 5, 'EX360', 'EX3'),
(103, 5, 'EC180', 'EC1'),
(104, 5, 'EC200', 'EC2'),
(105, 6, 'CONTINENTAL GT', 'CGT'),
(106, 6, 'CONTINENTAL GTC', 'CGC'),
(107, 6, 'CONTINENTAL FLYING SPUR', 'CFS'),
(108, 6, 'FLYING SPUR', 'FSP'),
(109, 6, 'BENTAYGA', 'BTG'),
(110, 6, 'MULSANNE', 'MLS'),
(111, 6, 'ARNAGE', 'ARN'),
(112, 6, 'AZURE', 'AZR'),
(113, 6, 'BROOKLANDS', 'BRK'),
(114, 6, 'TURBO R', 'TBR'),
(115, 7, 'SERIE 1', 'S1'),
(116, 7, 'SERIE 2', 'S2'),
(117, 7, 'SERIE 3', 'S3'),
(118, 7, 'SERIE 4', 'S4'),
(119, 7, 'SERIE 5', 'S5'),
(120, 7, 'SERIE 6', 'S6'),
(121, 7, 'SERIE 7', 'S7'),
(122, 7, 'SERIE 8', 'S8'),
(123, 7, 'X1', 'X1'),
(124, 7, 'X2', 'X2'),
(125, 7, 'X3', 'X3'),
(126, 7, 'X4', 'X4'),
(127, 7, 'X5', 'X5'),
(128, 7, 'X6', 'X6'),
(129, 7, 'X7', 'X7'),
(130, 7, 'Z3', 'Z3'),
(131, 7, 'Z4', 'Z4'),
(132, 7, 'Z8', 'Z8'),
(133, 7, 'I3', 'I3'),
(134, 7, 'I4', 'I4'),
(135, 7, 'I7', 'I7'),
(136, 7, 'IX', 'IX'),
(137, 7, 'XM', 'XM'),
(138, 7, 'M2', 'M2'),
(139, 7, 'M3', 'M3'),
(140, 7, 'M4', 'M4'),
(141, 7, 'M5', 'M5'),
(142, 7, 'M6', 'M6'),
(143, 7, 'M8', 'M8'),
(144, 8, 'F0', 'F0'),
(145, 8, 'F3', 'F3'),
(146, 8, 'F5', 'F5'),
(147, 8, 'F6', 'F6'),
(148, 8, 'G3', 'G3'),
(149, 8, 'G6', 'G6'),
(150, 8, 'L3', 'L3'),
(151, 8, 'S6', 'S6'),
(152, 8, 'S7', 'S7'),
(153, 8, 'SONG', 'SNG'),
(154, 8, 'SONG PLUS', 'SNP'),
(155, 8, 'SONG PRO', 'SNR'),
(156, 8, 'QIN', 'QIN'),
(157, 8, 'QIN PLUS', 'QNP'),
(158, 8, 'HAN', 'HAN'),
(159, 8, 'TANG', 'TNG'),
(160, 8, 'YUAN', 'YUN'),
(161, 8, 'YUAN PLUS', 'YUP'),
(162, 8, 'DOLPHIN', 'DLP'),
(163, 8, 'SEAL', 'SEA'),
(164, 8, 'SEAGULL', 'SGU'),
(165, 8, 'DESTROYER 05', 'D05'),
(166, 8, 'FRIGATE 07', 'F07'),
(167, 8, 'ATTO 3', 'AT3'),
(168, 8, 'E6', 'E6'),
(169, 9, 'ATS', 'ATS'),
(170, 9, 'CTS', 'CTS'),
(171, 9, 'CT4', 'CT4'),
(172, 9, 'CT5', 'CT5'),
(173, 9, 'CT6', 'CT6'),
(174, 9, 'XTS', 'XTS'),
(175, 9, 'ESCALADE', 'ESC'),
(176, 9, 'ESCALADE ESV', 'ESV'),
(177, 9, 'XT4', 'XT4'),
(178, 9, 'XT5', 'XT5'),
(179, 9, 'XT6', 'XT6'),
(180, 9, 'SRX', 'SRX'),
(181, 9, 'ELR', 'ELR'),
(182, 9, 'LYRIQ', 'LYQ'),
(183, 9, 'CELESTIQ', 'CLQ'),
(184, 10, 'QQ', 'QQ'),
(185, 10, 'ARRIZO 3', 'AR3'),
(186, 10, 'ARRIZO 5', 'AR5'),
(187, 10, 'ARRIZO 6', 'AR6'),
(188, 10, 'ARRIZO 7', 'AR7'),
(189, 10, 'TIGGO 2', 'TG2'),
(190, 10, 'TIGGO 3', 'TG3'),
(191, 10, 'TIGGO 4', 'TG4'),
(192, 10, 'TIGGO 5', 'TG5'),
(193, 10, 'TIGGO 7', 'TG7'),
(194, 10, 'TIGGO 8', 'TG8'),
(195, 10, 'TIGGO 8 PRO', 'T8P'),
(196, 10, 'TIGGO 9', 'TG9'),
(197, 10, 'EASTAR', 'EST'),
(198, 10, 'FULWIN', 'FLW'),
(199, 10, 'OMODA 5', 'OM5'),
(200, 10, 'EQ1', 'EQ1'),
(201, 10, 'EQ5', 'EQ5'),
(202, 11, 'SPARK', 'SPK'),
(203, 11, 'ONIX', 'ONX'),
(204, 11, 'SAIL', 'SAL'),
(205, 11, 'AVEO', 'AVE'),
(206, 11, 'CRUZE', 'CRZ'),
(207, 11, 'MALIBU', 'MLB'),
(208, 11, 'IMPALA', 'IMP'),
(209, 11, 'COBALT', 'CBT'),
(210, 11, 'SONIC', 'SNC'),
(211, 11, 'CAMARO', 'CMR'),
(212, 11, 'CORVETTE', 'CVT'),
(213, 11, 'TRACKER', 'TRK'),
(214, 11, 'TRAILBLAZER', 'TRB'),
(215, 11, 'CAPTIVA', 'CAP'),
(216, 11, 'EQUINOX', 'EQX'),
(217, 11, 'BLAZER', 'BLZ'),
(218, 11, 'TAHOE', 'THO'),
(219, 11, 'SUBURBAN', 'SUB'),
(220, 11, 'S10', 'S10'),
(221, 11, 'COLORADO', 'CLD'),
(222, 11, 'SILVERADO', 'SLV'),
(223, 11, 'MONTANA', 'MTN'),
(224, 11, 'ORLANDO', 'ORL'),
(225, 11, 'VOLT', 'VLT'),
(226, 11, 'BOLT EV', 'BEV'),
(227, 11, 'BOLT EUV', 'BEU'),
(228, 12, 'C1', 'C1'),
(229, 12, 'C2', 'C2'),
(230, 12, 'C3', 'C3'),
(231, 12, 'C3 AIRCROSS', 'C3A'),
(232, 12, 'C4', 'C4'),
(233, 12, 'C4 CACTUS', 'C4C'),
(234, 12, 'C4 AIRCROSS', 'C4A'),
(235, 12, 'C5', 'C5'),
(236, 12, 'C5 AIRCROSS', 'C5A'),
(237, 12, 'C6', 'C6'),
(238, 12, 'C8', 'C8'),
(239, 12, 'XSARA', 'XSR'),
(240, 12, 'XSARA PICASSO', 'XSP'),
(241, 12, 'PICASSO', 'PIC'),
(242, 12, 'BERLINGO', 'BRL'),
(243, 12, 'JUMPER', 'JMP'),
(244, 12, 'JUMPY', 'JPY'),
(245, 12, 'SAXO', 'SAX'),
(246, 12, 'ZX', 'ZX'),
(247, 12, 'DS3', 'DS3'),
(248, 12, 'DS4', 'DS4'),
(249, 12, 'DS5', 'DS5'),
(250, 13, 'LOGAN', 'LGN'),
(251, 13, 'SANDERO', 'SND'),
(252, 13, 'SANDERO STEPWAY', 'SSW'),
(253, 13, 'DUSTER', 'DST'),
(254, 13, 'LODGY', 'LDG'),
(255, 13, 'DOKKER', 'DKR'),
(256, 13, 'SPRING', 'SPG'),
(257, 13, 'JOGGER', 'JGR'),
(258, 13, '1310', '131'),
(259, 13, '1300', '130'),
(260, 13, '1100', '110'),
(261, 14, 'C31', 'C31'),
(262, 14, 'C32', 'C32'),
(263, 14, 'C35', 'C35'),
(264, 14, 'C36', 'C36'),
(265, 14, 'K01', 'K01'),
(266, 14, 'K02', 'K02'),
(267, 14, 'K05', 'K05'),
(268, 14, 'K07', 'K07'),
(269, 14, 'V21', 'V21'),
(270, 14, 'V22', 'V22'),
(271, 14, 'V25', 'V25'),
(272, 14, 'V27', 'V27'),
(273, 14, 'V29', 'V29'),
(274, 14, 'GLORY 330', 'G30'),
(275, 14, 'GLORY 360', 'G36'),
(276, 14, 'GLORY 370', 'G37'),
(277, 14, 'GLORY 500', 'G50'),
(278, 14, 'GLORY 560', 'G56'),
(279, 14, 'GLORY 580', 'G58'),
(280, 14, 'SERES 3', 'SR3'),
(281, 14, 'SERES 5', 'SR5'),
(282, 15, 'DS3', 'DS3'),
(283, 15, 'DS3 CROSSBACK', 'D3C'),
(284, 15, 'DS4', 'DS4'),
(285, 15, 'DS5', 'DS5'),
(286, 15, 'DS7 CROSSBACK', 'D7C'),
(287, 15, 'DS9', 'DS9'),
(288, 16, 'ROMA', 'ROM'),
(289, 16, 'PORTOFINO', 'PRT'),
(290, 16, 'PORTOFINO M', 'PRM'),
(291, 16, 'CALIFORNIA', 'CAL'),
(292, 16, '488 GTB', '488'),
(293, 16, '488 SPIDER', '48S'),
(294, 16, '488 PISTA', '48P'),
(295, 16, 'F8 TRIBUTO', 'F8T'),
(296, 16, 'F8 SPIDER', 'F8S'),
(297, 16, '296 GTB', '296'),
(298, 16, '296 GTS', '29S'),
(299, 16, 'SF90 STRADALE', 'SF9'),
(300, 16, 'SF90 SPIDER', 'SFS'),
(301, 16, '812 SUPERFAST', '812'),
(302, 16, '812 GTS', '81G'),
(303, 16, 'LA FERRARI', 'LAF'),
(304, 16, 'ENZO', 'ENZ'),
(305, 16, 'F430', 'F43'),
(306, 16, '360 MODENA', '360'),
(307, 16, '458 ITALIA', '458'),
(308, 16, '458 SPIDER', '45S'),
(309, 16, '458 SPECIALE', '45P'),
(310, 16, '599 GTB', '599'),
(311, 16, '612 SCAGLIETTI', '612'),
(312, 16, 'FF', 'FF'),
(313, 16, 'GTC4 LUSSO', 'GTC'),
(314, 16, 'PUROSANGUE', 'PRS'),
(315, 17, '500', '500'),
(316, 17, '500L', '50L'),
(317, 17, '500X', '50X'),
(318, 17, 'PANDA', 'PND'),
(319, 17, 'PUNTO', 'PNT'),
(320, 17, 'GRANDE PUNTO', 'GPN'),
(321, 17, 'UNO', 'UNO'),
(322, 17, 'ARGO', 'ARG'),
(323, 17, 'CRONOS', 'CRN'),
(324, 17, 'TIPO', 'TIP'),
(325, 17, 'SIENA', 'SNA'),
(326, 17, 'PALIO', 'PAL'),
(327, 17, 'STRADA', 'STD'),
(328, 17, 'TORO', 'TOR'),
(329, 17, 'FREEMONT', 'FRM'),
(330, 17, 'DOBLO', 'DBL'),
(331, 17, 'FIORINO', 'FIO'),
(332, 17, 'LINEA', 'LIN'),
(333, 17, 'IDEA', 'IDE'),
(334, 17, 'MAREA', 'MAR'),
(335, 17, 'BRAVA', 'BRV'),
(336, 17, 'BRAVO', 'BRO'),
(337, 17, 'COUPE', 'CPE'),
(338, 17, 'MULTIPLA', 'MUL'),
(339, 17, 'TEMPRA', 'TMP'),
(340, 18, 'FIESTA', 'FST'),
(341, 18, 'FOCUS', 'FCS'),
(342, 18, 'MONDEO', 'MND'),
(343, 18, 'TAURUS', 'TRS'),
(344, 18, 'FUSION', 'FSN'),
(345, 18, 'KA', 'KA'),
(346, 18, 'ESCORT', 'ESC'),
(347, 18, 'MUSTANG', 'MUS'),
(348, 18, 'GT', 'FGT'),
(349, 18, 'EXPLORER', 'EXP'),
(350, 18, 'ESCAPE', 'ECP'),
(351, 18, 'EDGE', 'EDG'),
(352, 18, 'ECOSPORT', 'ECO'),
(353, 18, 'BRONCO', 'BRC'),
(354, 18, 'BRONCO SPORT', 'BRS'),
(355, 18, 'EVEREST', 'EVR'),
(356, 18, 'RANGER', 'RNG'),
(357, 18, 'F-150', 'F15'),
(358, 18, 'F-250', 'F25'),
(359, 18, 'F-350', 'F35'),
(360, 18, 'MAVERICK', 'MVK'),
(361, 18, 'TRANSIT', 'TRN'),
(362, 18, 'TRANSIT CONNECT', 'TNC'),
(363, 18, 'TOURNEO', 'TRN'),
(364, 18, 'KUGA', 'KUG'),
(365, 18, 'PUMA', 'PMA'),
(366, 18, 'CAPRI', 'CPR'),
(367, 19, 'CK', 'CK'),
(368, 19, 'GC2', 'GC2'),
(369, 19, 'GC5', 'GC5'),
(370, 19, 'GC6', 'GC6'),
(371, 19, 'EC7', 'EC7'),
(372, 19, 'EMGRAND 7', 'EM7'),
(373, 19, 'EMGRAND GS', 'EGS'),
(374, 19, 'EMGRAND X7', 'EX7'),
(375, 19, 'GX3', 'GX3'),
(376, 19, 'GX7', 'GX7'),
(377, 19, 'COOLRAY', 'CLR'),
(378, 19, 'AZKARRA', 'AZK'),
(379, 19, 'OKAVANGO', 'OKV'),
(380, 19, 'TUGELLA', 'TGL'),
(381, 19, 'PREFACE', 'PRF'),
(382, 19, 'GEOMETRY C', 'GMC'),
(383, 19, 'GEOMETRY A', 'GMA'),
(384, 20, 'WINGLE 5', 'W5'),
(385, 20, 'WINGLE 6', 'W6'),
(386, 20, 'WINGLE 7', 'W7'),
(387, 20, 'POER', 'POE'),
(388, 20, 'STEED 5', 'S5'),
(389, 20, 'STEED 6', 'S6'),
(390, 20, 'HOVER CUV', 'HCV'),
(391, 20, 'HOVER H3', 'H3'),
(392, 20, 'HOVER H5', 'H5'),
(393, 20, 'HOVER H6', 'H6'),
(394, 20, 'H6', 'GH6'),
(395, 20, 'HAVAL H2', 'HH2'),
(396, 20, 'HAVAL H4', 'HH4'),
(397, 20, 'HAVAL H6', 'HH6'),
(398, 20, 'HAVAL H9', 'HH9'),
(399, 20, 'ORA R1', 'OR1'),
(400, 20, 'ORA GOOD CAT', 'OGC'),
(401, 20, 'TANK 300', 'T30'),
(402, 20, 'TANK 500', 'T50'),
(403, 21, 'CIVIC', 'CVC'),
(404, 21, 'ACCORD', 'ACD'),
(405, 21, 'CITY', 'CTY'),
(406, 21, 'FIT', 'FIT'),
(407, 21, 'JAZZ', 'JAZ'),
(408, 21, 'INSIGHT', 'INS'),
(409, 21, 'CR-Z', 'CRZ'),
(410, 21, 'HR-V', 'HRV'),
(411, 21, 'CR-V', 'CRV'),
(412, 21, 'PILOT', 'PLT'),
(413, 21, 'PASSPORT', 'PPT'),
(414, 21, 'ODYSSEY', 'ODY'),
(415, 21, 'RIDGELINE', 'RDL'),
(416, 21, 'ELEMENT', 'ELM'),
(417, 21, 'STREAM', 'STR'),
(418, 21, 'PRELUDE', 'PRL'),
(419, 21, 'S2000', 'S20'),
(420, 21, 'NSX', 'NSX'),
(421, 21, 'BRIO', 'BRO'),
(422, 21, 'WR-V', 'WRV'),
(423, 21, 'ZR-V', 'ZRV'),
(424, 22, 'ACCENT', 'ACC'),
(425, 22, 'ELANTRA', 'ELN'),
(426, 22, 'SONATA', 'SNT'),
(427, 22, 'AZERA', 'AZR'),
(428, 22, 'I10', 'I10'),
(429, 22, 'I20', 'I20'),
(430, 22, 'I30', 'I30'),
(431, 22, 'I40', 'I40'),
(432, 22, 'VELOSTER', 'VEL'),
(433, 22, 'GENESIS', 'GEN'),
(434, 22, 'EQUUS', 'EQS'),
(435, 22, 'TUCSON', 'TUC'),
(436, 22, 'SANTA FE', 'SNF'),
(437, 22, 'PALISADE', 'PLS'),
(438, 22, 'CRETA', 'CRT'),
(439, 22, 'KONA', 'KON'),
(440, 22, 'VENUE', 'VNU'),
(441, 22, 'IONIQ', 'ION'),
(442, 22, 'IONIQ 5', 'I5'),
(443, 22, 'IONIQ 6', 'I6'),
(444, 22, 'NEXO', 'NEX'),
(445, 22, 'H1', 'H1'),
(446, 22, 'STARIA', 'STR'),
(447, 22, 'PORTER', 'POR'),
(448, 23, 'Q30', 'Q30'),
(449, 23, 'Q40', 'Q40'),
(450, 23, 'Q50', 'Q50'),
(451, 23, 'Q60', 'Q60'),
(452, 23, 'Q70', 'Q70'),
(453, 23, 'QX30', 'X30'),
(454, 23, 'QX50', 'X50'),
(455, 23, 'QX55', 'X55'),
(456, 23, 'QX60', 'X60'),
(457, 23, 'QX70', 'X70'),
(458, 23, 'QX80', 'X80'),
(459, 23, 'FX35', 'FX3'),
(460, 23, 'FX37', 'FX7'),
(461, 23, 'FX45', 'FX4'),
(462, 23, 'FX50', 'FX5'),
(463, 23, 'EX35', 'EX3'),
(464, 23, 'EX37', 'EX7'),
(465, 23, 'G25', 'G25'),
(466, 23, 'G35', 'G35'),
(467, 23, 'G37', 'G37'),
(468, 23, 'M35', 'M35'),
(469, 23, 'M37', 'M37'),
(470, 23, 'M45', 'M45'),
(471, 23, 'M56', 'M56'),
(472, 23, 'JX35', 'JX3'),
(473, 24, 'D-MAX', 'DMX'),
(474, 24, 'MU-X', 'MUX'),
(475, 24, 'TROOPER', 'TRP'),
(476, 24, 'RODEO', 'RDO'),
(477, 24, 'AMIGO', 'AMG'),
(478, 24, 'ASCENDER', 'ASC'),
(479, 24, 'AXIOM', 'AXM'),
(480, 24, 'ELF', 'ELF'),
(481, 24, 'NPR', 'NPR'),
(482, 24, 'NQR', 'NQR'),
(483, 24, 'NKR', 'NKR'),
(484, 24, 'FSR', 'FSR'),
(485, 24, 'FTR', 'FTR'),
(486, 24, 'FVR', 'FVR'),
(487, 25, 'J2', 'J2'),
(488, 25, 'J3', 'J3'),
(489, 25, 'J4', 'J4'),
(490, 25, 'J5', 'J5'),
(491, 25, 'J6', 'J6'),
(492, 25, 'J7', 'J7'),
(493, 25, 'S2', 'S2'),
(494, 25, 'S3', 'S3'),
(495, 25, 'S4', 'S4'),
(496, 25, 'S5', 'S5'),
(497, 25, 'S7', 'S7'),
(498, 25, 'JS2', 'JS2'),
(499, 25, 'JS3', 'JS3'),
(500, 25, 'JS4', 'JS4'),
(501, 25, 'JS6', 'JS6'),
(502, 25, 'T6', 'T6'),
(503, 25, 'T8', 'T8'),
(504, 25, 'T8 PRO', 'T8P'),
(505, 25, 'X200', 'X20'),
(506, 25, 'X250', 'X25'),
(507, 25, 'X350', 'X35'),
(508, 25, 'E-JS1', 'EJ1'),
(509, 25, 'E-JS4', 'EJ4'),
(510, 26, 'XE', 'XE'),
(511, 26, 'XF', 'XF'),
(512, 26, 'XJ', 'XJ'),
(513, 26, 'F-TYPE', 'FTP'),
(514, 26, 'F-PACE', 'FPC'),
(515, 26, 'E-PACE', 'EPC'),
(516, 26, 'I-PACE', 'IPC'),
(517, 26, 'S-TYPE', 'STP'),
(518, 26, 'X-TYPE', 'XTP'),
(519, 26, 'XK', 'XK'),
(520, 26, 'XKR', 'XKR'),
(521, 26, 'E-TYPE', 'ETP'),
(522, 26, 'MK2', 'MK2'),
(523, 26, 'XJS', 'XJS'),
(524, 27, 'WRANGLER', 'WRG'),
(525, 27, 'CHEROKEE', 'CHK'),
(526, 27, 'GRAND CHEROKEE', 'GCH'),
(527, 27, 'COMPASS', 'CMP'),
(528, 27, 'RENEGADE', 'RNG'),
(529, 27, 'GLADIATOR', 'GLD'),
(530, 27, 'PATRIOT', 'PAT'),
(531, 27, 'LIBERTY', 'LBT'),
(532, 27, 'COMMANDER', 'CMD'),
(533, 27, 'WAGONEER', 'WGN'),
(534, 27, 'GRAND WAGONEER', 'GWG'),
(535, 27, 'CJ5', 'CJ5'),
(536, 27, 'CJ7', 'CJ7'),
(537, 28, 'RIO', 'RIO'),
(538, 28, 'CERATO', 'CER'),
(539, 28, 'FORTE', 'FRT'),
(540, 28, 'OPTIMA', 'OPT'),
(541, 28, 'K5', 'K5'),
(542, 28, 'K3', 'K3'),
(543, 28, 'K7', 'K7'),
(544, 28, 'K8', 'K8'),
(545, 28, 'K9', 'K9'),
(546, 28, 'PICANTO', 'PIC'),
(547, 28, 'SOUL', 'SOU'),
(548, 28, 'SELTOS', 'SEL'),
(549, 28, 'SPORTAGE', 'SPT'),
(550, 28, 'SORENTO', 'SOR'),
(551, 28, 'MOHAVE', 'MOH'),
(552, 28, 'NIRO', 'NRO'),
(553, 28, 'EV6', 'EV6'),
(554, 28, 'EV9', 'EV9'),
(555, 28, 'STONIC', 'STN'),
(556, 28, 'CARENS', 'CRN'),
(557, 28, 'CARNIVAL', 'CNV'),
(558, 28, 'BONGO', 'BNG'),
(559, 29, 'NIVA', 'NVA'),
(560, 29, 'NIVA LEGEND', 'NVL'),
(561, 29, 'NIVA TRAVEL', 'NVT'),
(562, 29, 'GRANTA', 'GRT'),
(563, 29, 'VESTA', 'VST'),
(564, 29, 'KALINA', 'KLN'),
(565, 29, 'PRIORA', 'PRR'),
(566, 29, 'SAMARA', 'SMR'),
(567, 29, '2101', '101'),
(568, 29, '2102', '102'),
(569, 29, '2103', '103'),
(570, 29, '2104', '104'),
(571, 29, '2105', '105'),
(572, 29, '2106', '106'),
(573, 29, '2107', '107'),
(574, 29, 'XRAY', 'XRY'),
(575, 29, 'LARGUS', 'LRG'),
(576, 30, 'AVENTADOR', 'AVT'),
(577, 30, 'HURACAN', 'HRC'),
(578, 30, 'GALLARDO', 'GLD'),
(579, 30, 'MURCIELAGO', 'MRC'),
(580, 30, 'URUS', 'URS'),
(581, 30, 'REVUELTO', 'RVT'),
(582, 30, 'COUNTACH', 'CNT'),
(583, 30, 'DIABLO', 'DBL'),
(584, 30, 'MIURA', 'MIU'),
(585, 30, 'ESPADA', 'ESP'),
(586, 30, 'ISLERO', 'ISL'),
(587, 30, 'JALPA', 'JLP'),
(588, 30, 'SILHOUETTE', 'SLH'),
(589, 30, 'LM002', 'LM2'),
(590, 30, 'SESTO ELEMENTO', 'SST'),
(591, 30, 'VENENO', 'VNN'),
(592, 30, 'CENTENARIO', 'CNT'),
(593, 30, 'SIAN', 'SIA'),
(594, 31, 'YPSILON', 'YPS'),
(595, 31, 'DELTA', 'DLT'),
(596, 31, 'DELTA INTEGRALE', 'DLI'),
(597, 31, 'THEMA', 'THM'),
(598, 31, 'LYBRA', 'LYB'),
(599, 31, 'KAPPA', 'KPP'),
(600, 31, 'PHEDRA', 'PHD'),
(601, 31, 'MUSA', 'MSA'),
(602, 31, 'FLAVIA', 'FLV'),
(603, 31, 'FULVIA', 'FLA'),
(604, 31, 'STRATOS', 'STR'),
(605, 31, 'BETA', 'BTA'),
(606, 31, 'GAMMA', 'GMM'),
(607, 31, 'DEDRA', 'DDR'),
(608, 31, 'VOYAGER', 'VYG'),
(609, 32, 'DEFENDER', 'DEF'),
(610, 32, 'DISCOVERY', 'DSC'),
(611, 32, 'DISCOVERY SPORT', 'DSS'),
(612, 32, 'RANGE ROVER', 'RRV'),
(613, 32, 'RANGE ROVER SPORT', 'RRS'),
(614, 32, 'RANGE ROVER VELAR', 'RRV2'),
(615, 32, 'RANGE ROVER EVOQUE', 'RRE'),
(616, 32, 'FREELANDER', 'FRL'),
(617, 32, 'SERIE I', 'S1'),
(618, 32, 'SERIE II', 'S2'),
(619, 32, 'SERIE III', 'S3'),
(620, 33, 'IS', 'IS'),
(621, 33, 'ES', 'ES'),
(622, 33, 'GS', 'GS'),
(623, 33, 'LS', 'LS'),
(624, 33, 'UX', 'UX'),
(625, 33, 'NX', 'NX'),
(626, 33, 'RX', 'RX'),
(627, 33, 'GX', 'GX'),
(628, 33, 'LX', 'LX'),
(629, 33, 'RC', 'RC'),
(630, 33, 'LC', 'LC'),
(631, 33, 'CT', 'CT'),
(632, 33, 'HS', 'HS'),
(633, 33, 'SC', 'SC'),
(634, 33, 'LFA', 'LFA'),
(635, 33, 'RZ', 'RZ'),
(636, 34, 'BOLERO', 'BLR'),
(637, 34, 'SCORPIO', 'SCP'),
(638, 34, 'SCORPIO N', 'SCN'),
(639, 34, 'XUV300', 'X30'),
(640, 34, 'XUV500', 'X50'),
(641, 34, 'XUV700', 'X70'),
(642, 34, 'THAR', 'THR'),
(643, 34, 'KUV100', 'KUV'),
(644, 34, 'MARAZZO', 'MRZ'),
(645, 34, 'ALTURAS G4', 'ALT'),
(646, 34, 'TUV300', 'TUV'),
(647, 34, 'QUANTO', 'QNT'),
(648, 34, 'VERITO', 'VRT'),
(649, 34, 'XYLO', 'XYL'),
(650, 34, 'IMPERIO', 'IMP'),
(651, 34, 'JEETO', 'JTO'),
(652, 34, 'SUPRO', 'SPR'),
(653, 34, 'E2O', 'E2O'),
(654, 34, 'E VERITO', 'EVR'),
(655, 35, 'GHIBLI', 'GHB'),
(656, 35, 'QUATTROPORTE', 'QTP'),
(657, 35, 'LEVANTE', 'LEV'),
(658, 35, 'GRECALE', 'GRC'),
(659, 35, 'GRANTURISMO', 'GTU'),
(660, 35, 'GRANCABRIO', 'GCB'),
(661, 35, 'MC20', 'MC2'),
(662, 35, 'MC12', 'MC1'),
(663, 35, 'BITURBO', 'BTR'),
(664, 35, 'SPYDER', 'SPY'),
(665, 35, 'COUPE', 'CPE'),
(666, 35, 'KARIF', 'KRF'),
(667, 35, 'SHAMAL', 'SHM'),
(668, 35, 'BORA', 'BRA'),
(669, 35, 'MERAK', 'MRK'),
(670, 35, 'INDY', 'IND'),
(671, 36, 'MAZDA2', 'M2'),
(672, 36, 'MAZDA3', 'M3'),
(673, 36, 'MAZDA5', 'M5'),
(674, 36, 'MAZDA6', 'M6'),
(675, 36, 'CX-3', 'CX3'),
(676, 36, 'CX-30', 'CX30'),
(677, 36, 'CX-5', 'CX5'),
(678, 36, 'CX-7', 'CX7'),
(679, 36, 'CX-9', 'CX9'),
(680, 36, 'CX-50', 'CX50'),
(681, 36, 'CX-60', 'CX60'),
(682, 36, 'CX-90', 'CX90'),
(683, 36, 'MX-5', 'MX5'),
(684, 36, 'MX-30', 'MX30'),
(685, 36, 'RX-7', 'RX7'),
(686, 36, 'RX-8', 'RX8'),
(687, 36, 'BT-50', 'BT5'),
(688, 36, 'B2200', 'B22'),
(689, 36, 'B2600', 'B26'),
(690, 36, '626', '626'),
(691, 36, '929', '929'),
(692, 36, 'DEMIO', 'DMM'),
(693, 36, 'PREMACY', 'PRM'),
(694, 37, 'CLASE A', 'CLA'),
(695, 37, 'CLASE B', 'CLB'),
(696, 37, 'CLASE C', 'CLC'),
(697, 37, 'CLASE E', 'CLE'),
(698, 37, 'CLASE S', 'CLS'),
(699, 37, 'CLASE CLA', 'CLO'),
(700, 37, 'CLASE CLS', 'CLX'),
(701, 37, 'CLASE G', 'CLG'),
(702, 37, 'CLASE GLA', 'GLA'),
(703, 37, 'CLASE GLB', 'GLB'),
(704, 37, 'CLASE GLC', 'GLC'),
(705, 37, 'CLASE GLE', 'GLE'),
(706, 37, 'CLASE GLS', 'GLS'),
(707, 37, 'CLASE SL', 'SL'),
(708, 37, 'CLASE SLC', 'SLC'),
(709, 37, 'CLASE SLK', 'SLK'),
(710, 37, 'CLASE AMG GT', 'AMG'),
(711, 37, 'G 63 AMG', 'G63'),
(712, 37, 'G 65 AMG', 'G65'),
(713, 37, 'SPRINTER', 'SPR'),
(714, 37, 'VITO', 'VIT'),
(715, 37, 'CLASE V', 'CLV'),
(716, 37, 'EQC', 'EQC'),
(717, 37, 'EQA', 'EQA'),
(718, 37, 'EQB', 'EQB'),
(719, 37, 'EQE', 'EQE'),
(720, 37, 'EQS', 'EQS'),
(721, 38, 'MG3', 'MG3'),
(722, 38, 'MG4', 'MG4'),
(723, 38, 'MG5', 'MG5'),
(724, 38, 'MG6', 'MG6'),
(725, 38, 'MG7', 'MG7'),
(726, 38, 'MG ZS', 'MZS'),
(727, 38, 'MG ZS EV', 'MZE'),
(728, 38, 'MG HS', 'MHS'),
(729, 38, 'MG GS', 'MGS'),
(730, 38, 'MG RX5', 'MRX'),
(731, 38, 'MG ONE', 'MGO'),
(732, 38, 'MG MARVEL R', 'MMR'),
(733, 38, 'MG CYBERSTER', 'MCY'),
(734, 38, 'MG TF', 'MTF'),
(735, 38, 'MG F', 'MGF'),
(736, 38, 'MG ZT', 'MZT'),
(737, 38, 'MG ZR', 'MZR'),
(738, 38, 'MG RV8', 'MRV'),
(739, 38, 'MG MIDGET', 'MMG'),
(740, 38, 'MG MGA', 'MGA'),
(741, 38, 'MG MGB', 'MGB'),
(742, 39, 'COOPER', 'COP'),
(743, 39, 'COOPER S', 'COS'),
(744, 39, 'COOPER JCW', 'CJC'),
(745, 39, 'ONE', 'ONE'),
(746, 39, 'CLUBMAN', 'CLB'),
(747, 39, 'COUNTRYMAN', 'CTM'),
(748, 39, 'PACEMAN', 'PCM'),
(749, 39, 'CONVERTIBLE', 'CNV'),
(750, 39, 'ROADSTER', 'RDS'),
(751, 39, 'COUPE', 'CPE'),
(752, 39, 'ELECTRIC', 'ELE'),
(753, 40, 'LANCER', 'LNC'),
(754, 40, 'LANCER EVOLUTION', 'LNE'),
(755, 40, 'MIRAGE', 'MRG'),
(756, 40, 'ATTRAGE', 'ATR'),
(757, 40, 'GALANT', 'GLT'),
(758, 40, 'ECLIPSE', 'ECL'),
(759, 40, 'ECLIPSE CROSS', 'ECX'),
(760, 40, 'ASX', 'ASX'),
(761, 40, 'OUTLANDER', 'OUT'),
(762, 40, 'OUTLANDER SPORT', 'OUS'),
(763, 40, 'OUTLANDER PHEV', 'OPH'),
(764, 40, 'MONTERO', 'MNT'),
(765, 40, 'MONTERO SPORT', 'MNS'),
(766, 40, 'PAJERO', 'PJR'),
(767, 40, 'PAJERO SPORT', 'PJS'),
(768, 40, 'L200', 'L20'),
(769, 40, 'TRITON', 'TRT'),
(770, 40, 'DELICA', 'DLC'),
(771, 40, '3000GT', '3GT'),
(772, 40, 'DIAMANTE', 'DMT'),
(773, 40, 'GRANDIS', 'GRD'),
(774, 40, 'XPANDER', 'XPD'),
(775, 41, 'PLUS FOUR', 'PF4'),
(776, 41, 'PLUS SIX', 'PS6'),
(777, 41, 'ROADSTER', 'RDS'),
(778, 41, '4/4', '404'),
(779, 41, 'AERO 8', 'AER'),
(780, 41, 'AERO SUPERSPORT', 'AES'),
(781, 41, 'THREE WHEELER', '3WL'),
(782, 41, 'SUPER 3', 'SP3'),
(783, 41, 'PLUS 8', 'P8'),
(784, 41, 'LIFECAR', 'LFC'),
(785, 42, 'VERSA', 'VRS'),
(786, 42, 'SENTRA', 'SNT'),
(787, 42, 'ALTIMA', 'ALT'),
(788, 42, 'MAXIMA', 'MAX'),
(789, 42, 'TIIDA', 'TID'),
(790, 42, 'MARCH', 'MRC'),
(791, 42, 'MICRA', 'MIC'),
(792, 42, 'KICKS', 'KCK'),
(793, 42, 'JUKE', 'JUK'),
(794, 42, 'ROGUE', 'RGU'),
(795, 42, 'X-TRAIL', 'XTR'),
(796, 42, 'PATHFINDER', 'PTF'),
(797, 42, 'PATROL', 'PTR'),
(798, 42, 'ARMADA', 'ARM'),
(799, 42, 'FRONTIER', 'FRT'),
(800, 42, 'TITAN', 'TTN'),
(801, 42, 'NP300', 'NP3'),
(802, 42, 'NAVARA', 'NVR'),
(803, 42, 'URVAN', 'URV'),
(804, 42, 'NV200', 'NV2'),
(805, 42, 'NV350', 'NV3'),
(806, 42, 'LEAF', 'LEF'),
(807, 42, 'ARIYA', 'ARY'),
(808, 42, 'GT-R', 'GTR'),
(809, 42, '370Z', '370'),
(810, 42, '350Z', '350'),
(811, 42, 'QASHQAI', 'QSH'),
(812, 43, 'CORSA', 'CRS'),
(813, 43, 'ASTRA', 'AST'),
(814, 43, 'INSIGNIA', 'INS'),
(815, 43, 'VECTRA', 'VCT'),
(816, 43, 'OMEGA', 'OMG'),
(817, 43, 'COMBO', 'CMB'),
(818, 43, 'ZAFIRA', 'ZFR'),
(819, 43, 'MERIVA', 'MRV'),
(820, 43, 'ANTARA', 'ANR'),
(821, 43, 'MOKKA', 'MKK'),
(822, 43, 'GRANDLAND', 'GRL'),
(823, 43, 'CROSSLAND', 'CRL'),
(824, 43, 'ADAM', 'ADM'),
(825, 43, 'KADETT', 'KDT'),
(826, 43, 'CORSA E', 'CRSE'),
(827, 43, 'VIVARO', 'VIV'),
(828, 43, 'MOVANO', 'MVN'),
(829, 44, '106', '106'),
(830, 44, '107', '107'),
(831, 44, '108', '108'),
(832, 44, '206', '206'),
(833, 44, '207', '207'),
(834, 44, '208', '208'),
(835, 44, '301', '301'),
(836, 44, '306', '306'),
(837, 44, '307', '307'),
(838, 44, '308', '308'),
(839, 44, '309', '309'),
(840, 44, '405', '405'),
(841, 44, '406', '406'),
(842, 44, '407', '407'),
(843, 44, '408', '408'),
(844, 44, '508', '508'),
(845, 44, '2008', '2008'),
(846, 44, '3008', '3008'),
(847, 44, '4008', '4008'),
(848, 44, '5008', '5008'),
(849, 44, 'RIFTER', 'RFT'),
(850, 44, 'PARTNER', 'PRT'),
(851, 44, 'EXPERT', 'EXP'),
(852, 44, 'TRAVELLER', 'TRV'),
(853, 44, 'BOXER', 'BXR'),
(854, 44, 'ION', 'ION'),
(855, 44, 'RCZ', 'RCZ'),
(856, 44, 'TRIOMPHE', 'TRI'),
(857, 44, '408 (SUV)', '4SU'),
(858, 45, '911', '911'),
(859, 45, '718 CAYMAN', '718C'),
(860, 45, '718 BOXSTER', '718B'),
(861, 45, 'TAYCAN', 'TYC'),
(862, 45, 'PANAMERA', 'PNM'),
(863, 45, 'MACAN', 'MCN'),
(864, 45, 'CAYENNE', 'CYN'),
(865, 45, 'CARRERA GT', 'CGT'),
(866, 45, '918 SPYDER', '918'),
(867, 45, '959', '959'),
(868, 45, '928', '928'),
(869, 45, '944', '944'),
(870, 45, '968', '968'),
(871, 45, '356', '356'),
(872, 45, '550 SPYDER', '550'),
(873, 45, 'PANAMERA SPORT TURISMO', 'PST'),
(874, 46, '1500', '150'),
(875, 46, '2500', '250'),
(876, 46, '3500', '350'),
(877, 46, 'PROMASTER', 'PRM'),
(878, 46, 'PROMASTER CITY', 'PMC'),
(879, 46, 'RAM CLASSIC', 'RCL'),
(880, 46, 'DURANGO', 'DUR'),
(881, 46, 'CHALLENGER', 'CHL'),
(882, 46, 'CHARGER', 'CHR'),
(883, 46, 'DODGE RAM 1500', 'DR1'),
(884, 46, 'DODGE RAM 2500', 'DR2'),
(885, 46, 'DODGE RAM 3500', 'DR3'),
(886, 47, 'CLIO', 'CLI'),
(887, 47, 'SANDERO', 'SND'),
(888, 47, 'LOGAN', 'LGN'),
(889, 47, 'DUSTER', 'DST'),
(890, 47, 'CAPTUR', 'CAP'),
(891, 47, 'KADJAR', 'KDJ'),
(892, 47, 'KOLEOS', 'KOL'),
(893, 47, 'ARKANA', 'ARK'),
(894, 47, 'MEGANE', 'MEG'),
(895, 47, 'FLUENCE', 'FLU'),
(896, 47, 'LATITUDE', 'LAT'),
(897, 47, 'LAGUNA', 'LGU'),
(898, 47, 'TWINGO', 'TWI'),
(899, 47, 'SCENIC', 'SCE'),
(900, 47, 'GRAND SCENIC', 'GSC'),
(901, 47, 'ESPACE', 'ESP'),
(902, 47, 'TALISMAN', 'TAL'),
(903, 47, 'ALASKAN', 'ALK'),
(904, 47, 'KANGOO', 'KNG'),
(905, 47, 'MASTER', 'MAS'),
(906, 47, 'TRAFIC', 'TRF'),
(907, 47, 'ZOE', 'ZOE'),
(908, 47, 'KWID', 'KWD'),
(909, 47, 'ALPINE A110', 'A11'),
(910, 48, 'PHANTOM', 'PHM'),
(911, 48, 'GHOST', 'GHT'),
(912, 48, 'WRAITH', 'WRT'),
(913, 48, 'DAWN', 'DWN'),
(914, 48, 'CULLINAN', 'CLN'),
(915, 48, 'SPECTRE', 'SPC'),
(916, 48, 'SILVER SPIRIT', 'SSP'),
(917, 48, 'SILVER SPUR', 'SSU'),
(918, 48, 'SILVER SHADOW', 'SSH'),
(919, 48, 'SILVER CLOUD', 'SCL'),
(920, 48, 'CORNICHE', 'CRN'),
(921, 48, 'PHANTOM COUPE', 'PHC'),
(922, 48, 'PHANTOM DROPHEAD', 'PHD'),
(923, 49, 'IBIZA', 'IBZ'),
(924, 49, 'LEON', 'LEO'),
(925, 49, 'ARONA', 'ARN'),
(926, 49, 'ATECA', 'ATC'),
(927, 49, 'TARRACO', 'TRC'),
(928, 49, 'TOLEDO', 'TLD'),
(929, 49, 'ALTEA', 'ALT'),
(930, 49, 'EXEO', 'EXE'),
(931, 49, 'CORDOBA', 'CRD'),
(932, 49, 'MII', 'MII'),
(933, 49, 'MARBELLA', 'MRB'),
(934, 49, 'PANDA', 'PND'),
(935, 49, 'RONDA', 'RND'),
(936, 49, '600', '600'),
(937, 49, '127', '127'),
(938, 50, 'FABIA', 'FBA'),
(939, 50, 'RAPID', 'RPD'),
(940, 50, 'SCALA', 'SCL'),
(941, 50, 'OCTAVIA', 'OCV'),
(942, 50, 'SUPERB', 'SPB'),
(943, 50, 'KAMIQ', 'KMQ'),
(944, 50, 'KAROQ', 'KRQ'),
(945, 50, 'KODIAQ', 'KDQ'),
(946, 50, 'ENYAQ', 'ENQ'),
(947, 50, 'CITIGO', 'CTG'),
(948, 50, 'YETI', 'YTI'),
(949, 50, 'ROOMSTER', 'RMS'),
(950, 50, 'FELICIA', 'FLC'),
(951, 50, '1000 MB', '1MB'),
(952, 51, 'FORTWO', 'FTW'),
(953, 51, 'FORFOUR', 'FFR'),
(954, 51, 'ROADSTER', 'RDS'),
(955, 51, 'COUPE', 'CPE'),
(956, 51, 'CABRIO', 'CBR'),
(957, 51, 'ELECTRIC DRIVE', 'EDR'),
(958, 51, 'SMART #1', 'S1'),
(959, 51, 'SMART #3', 'S3'),
(960, 52, 'TIVOLI', 'TVL'),
(961, 52, 'TIVOLI XLV', 'TVX'),
(962, 52, 'KORANDO', 'KRN'),
(963, 52, 'REXTON', 'RXN'),
(964, 52, 'REXTON SPORTS', 'RXS'),
(965, 52, 'REXTON SPORTS KHAN', 'RXK'),
(966, 52, 'MUSSO', 'MUS'),
(967, 52, 'ACTYON', 'ACT'),
(968, 52, 'RODIUS', 'RDS'),
(969, 52, 'STAVIC', 'STV'),
(970, 52, 'CHAIRMAN', 'CHM'),
(971, 52, 'KYRON', 'KYR'),
(972, 52, 'ISTANA', 'IST'),
(973, 53, 'IMPREZA', 'IMP'),
(974, 53, 'WRX', 'WRX'),
(975, 53, 'WRX STI', 'WST'),
(976, 53, 'LEGACY', 'LEG'),
(977, 53, 'OUTBACK', 'OUT'),
(978, 53, 'FORESTER', 'FOR'),
(979, 53, 'XV', 'XV'),
(980, 53, 'CROSSTREK', 'CRX'),
(981, 53, 'ASCENT', 'ASC'),
(982, 53, 'BRZ', 'BRZ'),
(983, 53, 'LEVORG', 'LVG'),
(984, 53, 'TRIBECA', 'TRB'),
(985, 53, 'JUSTY', 'JST'),
(986, 53, 'SVX', 'SVX'),
(987, 53, 'BAJA', 'BJA'),
(988, 54, 'ALTO', 'ALT'),
(989, 54, 'CELERIO', 'CLR'),
(990, 54, 'SWIFT', 'SWT'),
(991, 54, 'SWIFT SPORT', 'SWS'),
(992, 54, 'BALENO', 'BLN'),
(993, 54, 'CIAZ', 'CIA'),
(994, 54, 'DZIRE', 'DZR'),
(995, 54, 'SX4', 'SX4'),
(996, 54, 'SX4 S-CROSS', 'SXC'),
(997, 54, 'VITARA', 'VTR'),
(998, 54, 'GRAND VITARA', 'GVT'),
(999, 54, 'JIMNY', 'JMY'),
(1000, 54, 'JIMNY 5 PUERTAS', 'J5P'),
(1001, 54, 'IGNIS', 'IGN'),
(1002, 54, 'S-CROSS', 'SCR'),
(1003, 54, 'ERTIGA', 'ERT'),
(1004, 54, 'XL7', 'XL7'),
(1005, 54, 'KIZASHI', 'KZS'),
(1006, 54, 'KIZASHI SPORT', 'KZP'),
(1007, 54, 'APV', 'APV'),
(1008, 54, 'EVERY', 'EVR'),
(1009, 54, 'CARRY', 'CRY'),
(1010, 54, 'CAPPUCCINO', 'CPP'),
(1011, 55, 'NANO', 'NNO'),
(1012, 55, 'TIAGO', 'TGO'),
(1013, 55, 'TIGOR', 'TGR'),
(1014, 55, 'ALTROZ', 'ALZ'),
(1015, 55, 'PUNCH', 'PNC'),
(1016, 55, 'NEXON', 'NXN'),
(1017, 55, 'NEXON EV', 'NXE'),
(1018, 55, 'HARRIER', 'HRR'),
(1019, 55, 'SAFARI', 'SFR'),
(1020, 55, 'INDICA', 'IDC'),
(1021, 55, 'INDIGO', 'IDG'),
(1022, 55, 'ZEST', 'ZST'),
(1023, 55, 'BOLT', 'BLT'),
(1024, 55, 'SUMO', 'SMO'),
(1025, 55, 'SIERRA', 'SIR'),
(1026, 55, 'SCARLET', 'SCT'),
(1027, 55, 'MANZA', 'MNZ'),
(1028, 55, 'ARMA', 'ARM'),
(1029, 55, 'CURVV', 'CRV'),
(1030, 55, 'AVINYA', 'AVN'),
(1031, 56, 'MODEL S', 'MS'),
(1032, 56, 'MODEL 3', 'M3'),
(1033, 56, 'MODEL X', 'MX'),
(1034, 56, 'MODEL Y', 'MY'),
(1035, 56, 'CYBERTRUCK', 'CTK'),
(1036, 56, 'ROADSTER', 'RDS'),
(1037, 56, 'SEMI', 'SMI'),
(1038, 57, 'COROLLA', 'COR'),
(1039, 57, 'COROLLA CROSS', 'CRC'),
(1040, 57, 'YARIS', 'YRS'),
(1041, 57, 'YARIS CROSS', 'YRC'),
(1042, 57, 'CAMRY', 'CMR'),
(1043, 57, 'AVALON', 'AVL'),
(1044, 57, 'AURIS', 'AUR'),
(1045, 57, 'PRIUS', 'PRS'),
(1046, 57, 'PRIUS PRIME', 'PRP'),
(1047, 57, 'C-HR', 'CHR'),
(1048, 57, 'RAV4', 'RAV'),
(1049, 57, 'HIGHLANDER', 'HGH'),
(1050, 57, '4RUNNER', '4RN'),
(1051, 57, 'LAND CRUISER', 'LCR'),
(1052, 57, 'LAND CRUISER PRADO', 'LCP'),
(1053, 57, 'SEQUOIA', 'SEQ'),
(1054, 57, 'FORTUNER', 'FTN'),
(1055, 57, 'HILUX', 'HLX'),
(1056, 57, 'TACOMA', 'TCM'),
(1057, 57, 'TUNDRA', 'TND'),
(1058, 57, 'SIENNA', 'SIE'),
(1059, 57, 'ALPHARD', 'ALP'),
(1060, 57, 'PROACE', 'PAC'),
(1061, 57, 'HIACE', 'HAC'),
(1062, 57, 'AYGO', 'AYG'),
(1063, 57, 'IQ', 'IQ'),
(1064, 57, 'VENZA', 'VNZ'),
(1065, 57, 'FJ CRUISER', 'FJC'),
(1066, 57, 'SUPRA', 'SPR'),
(1067, 57, '86', '086'),
(1068, 57, 'GR 86', 'GR8'),
(1069, 57, 'BZ4X', 'BZX'),
(1070, 58, 'GOL', 'GOL'),
(1071, 58, 'VOYAGE', 'VOY'),
(1072, 58, 'POLO', 'POL'),
(1073, 58, 'VENTO', 'VEN'),
(1074, 58, 'JETTA', 'JET'),
(1075, 58, 'BORA', 'BOR'),
(1076, 58, 'PASSAT', 'PAS'),
(1077, 58, 'ARTEON', 'ART'),
(1078, 58, 'GOLF', 'GLF'),
(1079, 58, 'T-CROSS', 'TCR'),
(1080, 58, 'TAOS', 'TAO'),
(1081, 58, 'TIGUAN', 'TIG'),
(1082, 58, 'TIGUAN ALLSPACE', 'TGA'),
(1083, 58, 'TOUAREG', 'TOU'),
(1084, 58, 'TERAMONT', 'TER'),
(1085, 58, 'AMAROK', 'AMK'),
(1086, 58, 'SAVEIRO', 'SAV'),
(1087, 58, 'TRANSPORTER', 'TRP'),
(1088, 58, 'CADDY', 'CAD'),
(1089, 58, 'KOMBI', 'KMB'),
(1090, 58, 'BEETLE', 'BTL'),
(1091, 58, 'NEW BEETLE', 'NBT'),
(1092, 58, 'UP!', 'UP'),
(1093, 58, 'ID.3', 'ID3'),
(1094, 58, 'ID.4', 'ID4'),
(1095, 58, 'ID.5', 'ID5'),
(1096, 58, 'ID.BUZZ', 'IDB'),
(1097, 58, 'SHARAN', 'SHR'),
(1098, 58, 'TOURAN', 'TRN'),
(1099, 58, 'SCIROCCO', 'SCR'),
(1100, 58, 'FOX', 'FOX'),
(1101, 59, 'S60', 'S60'),
(1102, 59, 'S90', 'S90'),
(1103, 59, 'V40', 'V40'),
(1104, 59, 'V50', 'V50'),
(1105, 59, 'V60', 'V60'),
(1106, 59, 'V70', 'V70'),
(1107, 59, 'V90', 'V90'),
(1108, 59, 'XC40', 'XC4'),
(1109, 59, 'XC60', 'XC6'),
(1110, 59, 'XC70', 'XC7'),
(1111, 59, 'XC90', 'XC9'),
(1112, 59, 'C30', 'C30'),
(1113, 59, 'C40', 'C40'),
(1114, 59, 'S40', 'S40'),
(1115, 59, 'S80', 'S80'),
(1116, 59, '240', '240'),
(1117, 59, '740', '740'),
(1118, 59, '850', '850'),
(1119, 59, '940', '940'),
(1120, 59, '960', '960'),
(1121, 59, 'EX30', 'EX3'),
(1122, 59, 'EX40', 'EX4'),
(1123, 59, 'EX90', 'EX9'),
(1124, 59, 'EC40', 'EC4'),
(1125, 11, 'N400', 'N400'),
(1126, 60, 'X50', 'X50'),
(1127, 60, 'X55', 'X55'),
(1128, 60, 'X70', 'X70'),
(1129, 60, 'X70 PLUS', 'X70+'),
(1130, 60, 'X70M', 'X70M'),
(1131, 60, 'X90', 'X90'),
(1132, 60, 'X90 PLUS', 'X90+'),
(1133, 60, 'X95', 'X95'),
(1134, 60, 'DASHING', 'DASH'),
(1135, 60, 'T2', 'T2'),
(1136, 34, 'PIK UP', 'PIK UP');

-- --------------------------------------------------------

--
-- Estructura de tabla para la tabla `posiciones`
--

CREATE TABLE `posiciones` (
  `id` int(11) NOT NULL,
  `nombre` varchar(20) NOT NULL
) ENGINE=InnoDB DEFAULT CHARSET=utf8mb4 COLLATE=utf8mb4_general_ci;

--
-- Volcado de datos para la tabla `posiciones`
--

INSERT INTO `posiciones` (`id`, `nombre`) VALUES
(1, 'DEL'),
(2, 'POS');

-- --------------------------------------------------------

--
-- Estructura de tabla para la tabla `productos`
--

CREATE TABLE `productos` (
  `id` int(11) NOT NULL,
  `codigo` varchar(100) DEFAULT NULL,
  `id_marca` int(11) DEFAULT NULL,
  `id_modelo` int(11) DEFAULT NULL,
  `anio_inicio` int(11),
  `anio_fin` int(11) DEFAULT NULL,
  `id_tipo` int(11) DEFAULT NULL,
  `id_posicion` int(11) DEFAULT NULL,
  `id_lado` varchar(50) DEFAULT NULL,
  `precio_compra` decimal(10,2) DEFAULT NULL,
  `precio_venta` decimal(10,2) DEFAULT NULL,
  `stock` int(11) DEFAULT 0,
  `ubicacion` varchar(50) DEFAULT NULL,
  `imagen` varchar(255) DEFAULT NULL,
  `fecha_registro` timestamp NOT NULL DEFAULT current_timestamp(),
  `id_estado` int(11) DEFAULT NULL,
  `id_almacen` int(11) DEFAULT NULL
) ENGINE=InnoDB DEFAULT CHARSET=utf8mb4 COLLATE=utf8mb4_general_ci;

--
-- Volcado de datos para la tabla `productos`
--

INSERT INTO `productos` (`id`, `codigo`, `id_marca`, `id_modelo`, `anio_inicio`, `anio_fin`, `id_tipo`, `id_posicion`, `id_lado`, `precio_compra`, `precio_venta`, `stock`, `ubicacion`, `imagen`, `fecha_registro`, `id_estado`, `id_almacen`) VALUES
(1, '20121518', 47, 888, 2011, 2014, 4, 2, 'RH', 113.99, 130.00, 1, 'ASD1', '20121518.jpg', '2026-03-23 04:10:04', 2, 2),
(15, '123465', 4, 78, 2015, NULL, 2, 1, 'RH', 12.00, 14.00, 1, 'F2', '123465.jpeg', '2026-03-23 05:00:15', 2, 1),
(16, '12456778', 7, 118, NULL, 2019, 9, 2, NULL, 12.00, 17.00, 5, 'P2G2', '12456778.jpeg', '2026-03-23 05:05:50', 1, 2),
(17, '5678', 4, 63, NULL, 2026, 4, 2, 'RH', 15.00, 17.00, 1, 'H7', '5678.jpg', '2026-03-23 05:33:00', 1, 1),
(18, '567853', 7, 123, 2015, 2026, 7, NULL, 'RH', 15.00, 20.00, 1, 'D2', '567853.jpg', '2026-03-23 22:06:24', 2, 2),
(20, '6790', 9, 172, 2016, NULL, 7, NULL, 'RH', 15.00, 30.00, 1, 'H7', '6790.jpeg', '2026-03-23 22:07:24', 1, 2),
(22, '78654', 4, 56, NULL, NULL, 6, 1, 'RH', 443.00, 7855.00, 1, 'HJG7', '78654.jpeg', '2026-03-23 22:08:54', 2, 1),
(24, '74331', 4, 62, 2015, NULL, 3, 2, 'RH', 13.00, 69.00, 1, 'D2', '74331.jpeg', '2026-03-24 03:47:47', 2, 3),
(25, '425763', 5, 102, NULL, 2018, 10, NULL, 'RH', 123.00, 54.00, 1, 'G3', '425763.jpeg', '2026-03-24 03:48:34', 1, 2),
(26, '789654', 9, 173, 2015, 2018, 5, 2, 'RH', 12.00, 15.00, 1, '12D', '789654.jpeg', '2026-03-24 03:49:06', 2, 1);

-- --------------------------------------------------------

--
-- Estructura de tabla para la tabla `tipos`
--

CREATE TABLE `tipos` (
  `id` int(11) NOT NULL,
  `nombre` varchar(50) NOT NULL
) ENGINE=InnoDB DEFAULT CHARSET=utf8mb4 COLLATE=utf8mb4_general_ci;

--
-- Volcado de datos para la tabla `tipos`
--

INSERT INTO `tipos` (`id`, `nombre`) VALUES
(1, 'Cabina'),
(2, 'Direccionales'),
(3, 'Emergencia'),
(4, 'Faros'),
(5, 'Luces de espejo'),
(6, 'Guardafango'),
(7, 'Faro de maletera'),
(8, 'Neblineros'),
(9, 'Tercera luz de freno'),
(10, 'Reflector de parachoque');

--
-- Índices para tablas volcadas
--

--
-- Indices de la tabla `almacenes`
--
ALTER TABLE `almacenes`
  ADD PRIMARY KEY (`id`);

--
-- Indices de la tabla `estados`
--
ALTER TABLE `estados`
  ADD PRIMARY KEY (`id`);

--
-- Indices de la tabla `marcas`
--
ALTER TABLE `marcas`
  ADD PRIMARY KEY (`id`),
  ADD UNIQUE KEY `nombre` (`nombre`);

--
-- Indices de la tabla `modelos`
--
ALTER TABLE `modelos`
  ADD PRIMARY KEY (`id`),
  ADD KEY `id_marca` (`id_marca`);

--
-- Indices de la tabla `posiciones`
--
ALTER TABLE `posiciones`
  ADD PRIMARY KEY (`id`);

--
-- Indices de la tabla `productos`
--
ALTER TABLE `productos`
  ADD PRIMARY KEY (`id`),
  ADD UNIQUE KEY `codigo` (`codigo`),
  ADD UNIQUE KEY `unico_codigo` (`codigo`),
  ADD KEY `id_marca` (`id_marca`),
  ADD KEY `id_modelo` (`id_modelo`),
  ADD KEY `id_tipo` (`id_tipo`),
  ADD KEY `id_posicion` (`id_posicion`),
  ADD KEY `fk_estado` (`id_estado`),
  ADD KEY `fk_almacen` (`id_almacen`);

--
-- Indices de la tabla `tipos`
--
ALTER TABLE `tipos`
  ADD PRIMARY KEY (`id`);

--
-- AUTO_INCREMENT de las tablas volcadas
--

--
-- AUTO_INCREMENT de la tabla `almacenes`
--
ALTER TABLE `almacenes`
  MODIFY `id` int(11) NOT NULL AUTO_INCREMENT, AUTO_INCREMENT=4;

--
-- AUTO_INCREMENT de la tabla `estados`
--
ALTER TABLE `estados`
  MODIFY `id` int(11) NOT NULL AUTO_INCREMENT, AUTO_INCREMENT=3;

--
-- AUTO_INCREMENT de la tabla `marcas`
--
ALTER TABLE `marcas`
  MODIFY `id` int(11) NOT NULL AUTO_INCREMENT, AUTO_INCREMENT=61;

--
-- AUTO_INCREMENT de la tabla `modelos`
--
ALTER TABLE `modelos`
  MODIFY `id` int(11) NOT NULL AUTO_INCREMENT, AUTO_INCREMENT=1137;

--
-- AUTO_INCREMENT de la tabla `posiciones`
--
ALTER TABLE `posiciones`
  MODIFY `id` int(11) NOT NULL AUTO_INCREMENT, AUTO_INCREMENT=4;

--
-- AUTO_INCREMENT de la tabla `productos`
--
ALTER TABLE `productos`
  MODIFY `id` int(11) NOT NULL AUTO_INCREMENT, AUTO_INCREMENT=32;

--
-- AUTO_INCREMENT de la tabla `tipos`
--
ALTER TABLE `tipos`
  MODIFY `id` int(11) NOT NULL AUTO_INCREMENT, AUTO_INCREMENT=28;

--
-- Restricciones para tablas volcadas
--

--
-- Filtros para la tabla `modelos`
--
ALTER TABLE `modelos`
  ADD CONSTRAINT `modelos_ibfk_1` FOREIGN KEY (`id_marca`) REFERENCES `marcas` (`id`);

--
-- Filtros para la tabla `productos`
--
ALTER TABLE `productos`
  ADD CONSTRAINT `fk_almacen` FOREIGN KEY (`id_almacen`) REFERENCES `almacenes` (`id`),
  ADD CONSTRAINT `fk_estado` FOREIGN KEY (`id_estado`) REFERENCES `estados` (`id`),
  ADD CONSTRAINT `productos_ibfk_1` FOREIGN KEY (`id_marca`) REFERENCES `marcas` (`id`),
  ADD CONSTRAINT `productos_ibfk_2` FOREIGN KEY (`id_modelo`) REFERENCES `modelos` (`id`),
  ADD CONSTRAINT `productos_ibfk_4` FOREIGN KEY (`id_tipo`) REFERENCES `tipos` (`id`),
  ADD CONSTRAINT `productos_ibfk_5` FOREIGN KEY (`id_posicion`) REFERENCES `posiciones` (`id`);
COMMIT;

/*!40101 SET CHARACTER_SET_CLIENT=@OLD_CHARACTER_SET_CLIENT */;
/*!40101 SET CHARACTER_SET_RESULTS=@OLD_CHARACTER_SET_RESULTS */;
/*!40101 SET COLLATION_CONNECTION=@OLD_COLLATION_CONNECTION */;
